Metric,Value
Accuracy,94.33476394849785
Precision,94.58775009533899
Recall,94.33476394849785
F1-Score,94.36184029363929
